name,jobRole,department,skills,priorExp,supervisorReviews,projects
Alice Smith,Operations Staff,Operations,"['Logistics Management', 'Equipment Handling', 'Safety Protocols']",['2 years in Operations'],"[3, 4]","['Port Efficiency Enhancement', 'Safety Training Program']"
Eva Martinez,Operations Staff,Operations,"['Inventory Management', 'Process Optimization', 'Safety Protocols']",['3 years as Operations Staff'],"[4, 4]","['Turnaround Time Reduction Initiative', 'Safety Compliance Audit']"
Grace Chen,Operations Staff,Operations,"['Inventory Management', 'Supply Chain Management', 'Safety Protocols']","['2 years as Operations Staff', '1 year in Inventory Management']","[3, 4]","['Inventory Optimization', 'Safety Compliance Audit']"
Bob Johnson,Infocomm Technology Supervisor,Infocomm Technology,"['Network Administration', 'Cybersecurity', 'Project Management']","['3 years as IT Staff', '1 year in Project Management']","[4, 4]","['Network Infrastructure Upgrade', 'Cybersecurity Enhancement', 'IT Helpdesk Improvement']"
Frank Adams,Infocomm Technology Supervisor,Infocomm Technology,"['Technical Support', 'Hardware Maintenance', 'Network Security']","['2 years as IT Support', '1 year in Network Administration']","[3, 3]","['IT Helpdesk Improvement', 'Network Security Enhancement']"
Karen Garcia,Infocomm Technology Supervisor,Infocomm Technology,"['Project Management', 'Cybersecurity', 'Network Maintenance']","['2 years as IT Support', '1 year in Project Management']","[3, 4]","['Network Infrastructure Upgrade', 'Cybersecurity Enhancement']"
Carol Lee,Engineering Manager,Engineering,"['Project Management', 'Technical Engineering', 'Quality Control']","['5 years as Engineering Supervisor', '2 years in Technical Engineering']","[5, 4]","['New Product Development', 'Quality Control System Upgrade', 'Process Optimization']"
Ivy Taylor,Engineering Manager,Engineering,"['Technical Engineering', 'Quality Control', 'Process Optimization']",['6 years as Operations Supervisor'],"[5, 4]","['Process Optimization', 'Product Development']"
Liam Rodriguez,Corporate Staff,Corporate,"['Administrative Support', 'Financial Analysis', 'Meeting Coordination']",['1 year in Corporate'],"[3, 3]","['Financial Reporting Automation', 'Corporate Events Coordination']"
David Wang,Corporate Staff,Corporate,"['Administrative Support', 'Financial Analysis', 'Data Analysis']",['2 years in Corporate'],"[3, 3]","['Financial Reporting Automation', 'Data Analysis']"
Mia Kim,Operations Supervisor,Operations,"['Leadership', 'Safety Compliance', 'Inventory Management']",['4 years as Operations Staff'],"[4, 4]","['Turnaround Time Reduction Initiative', 'Safety Compliance Audit']"
Noah Hall,Infocomm Technology Manager,Infocomm Technology,"['IT Department Management', 'Technology Strategy', 'Cybersecurity']","['8 years in IT Supervisor', '4 years in Technology Strategy']","[5, 5]","['Cybersecurity Enhancement', 'IT Strategy Planning']"
Olivia Lopez,Corporate Manager,Corporate,"['Strategic Leadership', 'Financial Analysis', 'Strategic Planning']","['6 years in Corporate Supervisor', '4 years in Strategic Planning']","[5, 5]","['Strategic Planning Initiative', 'Financial Forecasting']"
Mark Wilson,Operations Manager,Operations,"['Team Leadership', 'Operations Optimization', 'Safety Oversight']",['6 years as Operations Supervisor'],"[5, 4]","['Port Efficiency Enhancement', 'Automation Implementation']"
Sarah Garcia,Corporate Manager,Corporate,"['Strategic Leadership', 'Financial Analysis', 'Strategic Planning']","['6 years in Corporate Supervisor', '4 years in Strategic Planning']","[5, 5]","['Strategic Planning Initiative', 'Financial Forecasting']"
John Doe,Operations Staff,Operations,"['Logistics Management', 'Inventory Management', 'Safety Protocols']",['2 years in Operations'],"[3, 4]","['Port Efficiency Enhancement', 'Safety Training Program']"
Megan Smith,Operations Supervisor,Operations,"['Leadership', 'Safety Compliance', 'Efficiency Analysis']",['4 years as Operations Staff'],"[4, 4]","['Turnaround Time Reduction Initiative', 'Safety Compliance Audit']"
Daniel Brown,Infocomm Technology Manager,Infocomm Technology,"['IT Department Management', 'Technology Strategy', 'Network Security']","['8 years in IT Supervisor', '4 years in Technology Strategy']","[5, 5]","['Cybersecurity Enhancement', 'IT Strategy Planning']"
Sophia Martinez,Engineering Staff,Engineering,"['Technical Assistance', 'Quality Control', 'Process Optimization']",['1 year in Engineering'],"[3, 4]","['Product Testing', 'Engineering Documentation']"
William Johnson,Infocomm Technology Manager,Infocomm Technology,"['IT Department Management', 'Technology Strategy', 'Network Security']","['8 years in IT Supervisor', '4 years in Technology Strategy']","[5, 5]","['Cybersecurity Enhancement', 'IT Strategy Planning']"
Ava Lee,Engineering Staff,Engineering,"['Technical Assistance', 'Quality Control', 'Process Optimization']",['2 years in Engineering'],"[3, 4]","['Product Testing', 'Process Optimization']"
James Wang,Corporate Staff,Corporate,"['Administrative Support', 'Financial Analysis', 'Strategic Planning']",['1 year in Corporate'],"[3, 3]","['Financial Reporting Automation', 'Strategic Planning Initiative']"
Emma Kim,Operations Supervisor,Operations,"['Leadership', 'Safety Compliance', 'Efficiency Analysis']",['3 years as Operations Staff'],"[4, 4]","['Turnaround Time Reduction Initiative', 'Efficiency Analysis']"
Michael Hall,Infocomm Technology Manager,Infocomm Technology,"['IT Department Management', 'Technology Strategy', 'Cybersecurity']","['7 years in IT Supervisor', '4 years in Technology Strategy']","[5, 5]","['Cybersecurity Enhancement', 'IT Strategy Planning']"
Sophie Lopez,Corporate Manager,Corporate,"['Strategic Leadership', 'Financial Analysis', 'Strategic Planning']","['6 years in Corporate Supervisor', '4 years in Strategic Planning']","[5, 5]","['Strategic Planning Initiative', 'Financial Forecasting']"
